Currency,MAE,RMSE,R2
USD/EUR,0.021832107781092326,0.027679667358243936,-2.2033993773483544
AUD/EUR,0.021520607011885868,0.028699664054433527,-1.3245300702090972
GBP/EUR,0.00874890624949137,0.01025314584435698,-1.5414910346393425
CHF/EUR,0.017230057214300976,0.019613143041026803,-2.2150298341013244
