Currency,MAE,RMSE,R2
USD/EUR,0.06818269892374675,0.07747756172446546,-3.356038131377047
AUD/EUR,0.07729505764643353,0.08733143196850562,-1.4307284756197953
GBP/EUR,0.010607545763015754,0.012075458671706063,-0.7471869228166783
CHF/EUR,0.055660253725687656,0.060002950217826596,-59.40559140301414
