Currency,MAE,RMSE,R2
USD/EUR,0.06825601716359457,0.07765862584823034,-3.3751680872028977
AUD/EUR,0.0692807658068339,0.07665898818649215,-0.8682302815694851
GBP/EUR,0.013440105112711594,0.014721223773302124,-1.5958791938548198
CHF/EUR,0.014612052745183306,0.017505321157296562,-4.1323056214129466
